<?xml version = "1.0" encoding = "UTF-8"?>
<!DOCTYPE suite SYSTEM "http://testng.org/testng-1.0.dtd">
<suite name="SME Automation" parallel="false">
	<test name="Test Suite 1" parallel="false">
		<classes>
			<class name="testSuite_1.TC_01" />
			<class name="testSuite_1.TC_02" />	
			<class name="testSuite_1.TC_04" />
			<class name="testSuite_1.TC_05" />
		</classes>
	</test>
	<test name="Test Suite 2" parallel="false">
		<classes>
			<class name="testSuite_2.TC_06" />
			<class name="testSuite_2.TC_07" />
			<class name="testSuite_2.TC_08" />
			<class name="testSuite_2.TC_09" />
			<class name="testSuite_2.TC_10" />
		</classes>
	</test>
</suite>